Canada,Spain,Italy,Mexico,France,Japan,USA,UK,Soviet
Belleville,Albacete,Alessandria,Acambaro,Agen,Akita,Akron,Aberdeen,Astrakhan
Brantford,Alicante,Ancona,Aguascalientes,Ajaccio,Aomori,Atlanta,Bath,Chisi0u
Calgary,Almeria,Andria,Campeche,Albi,Fukui,Baltimore,Birkenhead,Dniepropetrovsk
Charlottetown,Badajoz,Arezzo,Celaya,Amiens,Gifu,Birmingham,Blackburn,Ekaterinburg
Guelph,Burgos,Bari,Chihuahua,Angers,Hakodate,Boston,Brighton,Erevan
Halifax,Caceres,Bergamo,Ciudad Victoria,Annemasse,Himeji,Buffalo,Cardiff,Gomel
Hamilton,Cadiz,Brescia,Colima - Villa de Alvarez,Arras,Kagoshima,Cincinnati,Coventry,Irkutsk
Hull,Cartagena,Cagliari,Cordoba,Avignon,Kanazawa,Cleveland,Darlington,Kaluga
Kingston,Castello de la Plana,Caltanissetta,Cuernavaca,Bastia,Kochi,Columbus,Derby,Kazan
Lethbridge,Ceuta,Caserta,Culiacan,Bayonne,Kumamoto,Dallas,Dudley,Kharkiv
Levis,Cordoba,Castellammare di Stabia,Durango,Beauvais,Maebashi,Denver,Dundee,Kherson
London,Coruna,Catania,Fresnillo,Belfort,Matsuyama,Des Moines,Hartlepool,Kiiv
Moncton,Donostia-San Sebastian,Catanzaro,Guanajuato,Blois,Nagano,Fort Wayne,Huddersfield,Kirov
Nanaimo,Ferrol,Cesena,Hermosillo,Boulogne-sur-Mer,Niigata,Fort Worth,Hull,Kursk
New Westminster,Gijon,Cremona,Heroica Matamoros,Bourg-en-Bresse,Okayama,Grand Rapids,Leicester,Mikolaiv
Niagara Falls,Girona,Ferrara,Heroica Zamora,Bourges,Sasebo,Honolulu,Middlesbrough,Minsk
Oshawa,Granada,Foggia,Hidalgo del Parral,Bourgoin-Jallieu,Shizuoka,Indianapolis,Newcastle-upon-Tyne,Nizhni-Novgorod
Peterborough,Huelva,Forli,Irapuato,Brest,Takamatsu,Jacksonville,Norwich,Odesa
Regina,Jaen,La Spezia,La Piedad - Penjamo,Brive-la-Gaillarde,Tokushima,Jersey City,Nottingham,Omsk
Saguenay,Jerez de la Frontera,Lecce,Mazatlan,Caen,Toyama,Kansas City,Plymouth,Orel
Saint-Hyacinthe,Leon,Livorno,Merida,Calais,Utsunomiya,Lincoln,Portsmouth,Penza
Saint-Jerome,Lleida,Lucca,Morelia,Chartres,Wakayama,Louisville,Preston,Perm
Saint-Thomas,Logrono,Marsala,Oaxaca,Cherbourg-Octeville,,Memphis,Rotherham,Poltava
Sarnia,Lorca,Messina,Ocotlan,Clermont-Ferrand,,Milwaukee,Southampton,Riga
Saskatoon,Lugo,Modena,Orizaba,Cluses,,Minneapolis,Stoke-on-Trent,Rostov-on-Don
Sherbrooke,Manresa,Monza,Pachuca,Colmar,,Mobile,Sunderland,Ryazan
St. Johns,Mataro,Novara,Piedras Negras,Creil,,Nashville-Davidson,Swansea,Samara
Stratford,Melilla,Padova,Queretaro,Dijon,,New Orleans,Walsall,Saratov
Sudbury,Orihuela,Parma,Salamanca,Douai - Lens,,Newark,Wolverhampton,Sevastopol
Sydney,Ourense,Pavia,Saltillo,Draguignan,,Norfolk,,Tallinn
Thunder Bay,Oviedo,Perugia,San Luis Potosi,Dunkerque,,Oakland,,Tambov
Trois-Rivieres,Palencia,Pesaro,Tampico,Forbach,,Omaha,,Tbilisi
Victoria,Palma de Mallorca,Piacenza,Tapachula,Grenoble,,Pittsburgh,,Tomsk
Waterloo,Palmas de Gran Canaria,Pisa,Tehuantepec - Salina Cruz,La Rochelle,,Portland,,Tula
Windsor,Pontevedra,Pistoia,Tepic,La Teste-de-Buch - Arcachon,,Richmond,,Tver
,Reus,Prato,Toluca,Laval,,Rochester,,Ufa
,Sabadell,Ravenna,Tuxtla Gutierrez,Le Havre,,Sacramento,,Ulianovsk
,Salamanca,Reggio di Calabria,Veracruz,Le Mans,,Saint Paul,,Vilnius
,San Fernando,Reggio nellEmilia,Villahermosa,Limoges,,San Antonio,,Vitebsk
,Sanlucar de Barrameda,Rimini,Xalapa,Lorient,,San Francisco,,Voronezh
,Santa Cruz de Tenerife,Salerno,Zacatecas - Guadalupe,Maubeuge,,Seattle,,Yaroslavl
,Santander,Sassari,,Meaux,,Spokane,,
,Santiago de Compostela,Siracusa,,Metz,,Tacoma,,
,Tarragona,Taranto,,Montauban,,Toledo,,
,Terrassa,Terni,,Montpellier,,Washington,,
,Toledo,Torre del Greco,,Mulhouse,,Wichita,,
,Valladolid,Trapani,,Nancy,,Yonkers,,
,Velez-Malaga,Trento,,Nantes,,,,
,Vigo,Trieste,,Nevers,,,,
,Vitoria-Gasteiz,Udine,,Niort,,,,
,Zamora,Venezia,,Pau,,,,
,,Verona,,Perpignan,,,,
,,Vicenza,,Poitiers,,,,
,,,,Quimper,,,,
,,,,Reims,,,,
,,,,Rennes,,,,
,,,,Roanne,,,,
,,,,Rouen,,,,
,,,,Saint-Brieuc,,,,
,,,,Saint-Just-Saint-Rambert,,,,
,,,,Saint-Nazaire,,,,
,,,,Saint-Quentin,,,,
,,,,Strasbourg,,,,
,,,,Tarbes,,,,
,,,,Thionville,,,,
,,,,Toulon,,,,
,,,,Toulouse,,,,
,,,,Tours,,,,
,,,,Troyes,,,,
,,,,Valence,,,,
,,,,Valenciennes,,,,
,,,,Vichy,,,,
,,,,Vienne,,,,
