Canada,Spain,Italy,Mexico,France,Japan,USA,UK,Soviet
Belleville,Albacete,Alessandria,Acambaro,Agen,Akita,Akron,Aberdeen,Almaty
Brampton,Alcoi,Ancona,Acapulco,Ajaccio,Aomori,Albany,Barnsley,Astrakhan
Brandon,Algeciras,Andria,Aguascalientes,Albi,Asahikawa,Allentown,Bath,Babruisk
Brantford,Alicante,Arezzo,Campeche,Amiens,Chiba,Arlington,Birkenhead,Baku
Calgary,Almeria,Bari,Celaya,Angers,Fukui,Atlanta,Blackburn,Bar0ul
Charlottetown,Antequera,Bergamo,Chihuahua,Annemasse,Funabashi,Austin,Brighton,Bishkek
Chatham,Badajoz,Bolzano,Ciudad Guzman,Arras,Gifu,Baltimore,Cardiff,Chelyabinsk
Drummondville,Barakaldo,Brescia,Ciudad Madero,Avignon,Hachioji,Baton Rouge,Coventry,Chernivtsi
Fredericton,Burgos,Cagliari,Ciudad Obregon,Bastia,Hakodate,Birmingham,Darlington,Chisi0u
Glace Bay,Caceres,Caltanissetta,Ciudad Victoria,Bayonne,Hamamatsu,Boston,Derby,Chita
Guelph,Cadiz,Caserta,Coatzacoalcos,Beauvais,Himeji,Bridgeport,Doncaster,Dniepropetrovsk
Halifax,Cartagena,Castellammare di Stabia,Colima - Villa de Alvarez,Belfort,Kagoshima,Buffalo,Dudley,Donetsk
Hamilton,Castello de la Plana,Catania,Cordoba,Blois,Kanazawa,Charlotte,Dundee,Dushambe
Hull,Ceuta,Catanzaro,Cuernavaca,Boulogne-sur-Mer,Kawaguchi,Chattanooga,Halifax,Ekaterinburg
Kamloops,Ciudad Real,Cesena,Culiacan,Bourg-en-Bresse,Kawasaki,Cincinnati,Hartlepool,Erevan
Kelowna,Cordoba,Cosenza,Durango,Bourges,Kochi,Cleveland,Huddersfield,Gomel
Kingston,Coruna,Cremona,Ensenada,Bourgoin-Jallieu,Kumamoto,Columbus,Hull,Gorlivka
Kitchener,Donostia-San Sebastian,Faenza,Fresnillo,Brest,Kurashiki,Corpus Christi,Leicester,Grod0
Lachine,Ecija,Ferrara,Guanajuato,Brive-la-Gaillarde,Maebashi,Dallas,Luton,Irkutsk
Lethbridge,Elche,Foggia,Hermosillo,Caen,Matsuyama,Dayton,Middlesbrough,Izhevsk
Levis,Ferrol,Forli,Heroica Matamoros,Calais,Muroran,Denver,Newcastle-upon-Tyne,Kaliningrad
London,Gijon,Gela,Heroica Nogales,Chartres,Nagano,Des Moines,Norwich,Kaluga
Moncton,Girona,La Spezia,Heroica Zamora,Cherbourg-Octeville,Niigata,El Paso,Nottingham,Karagandy
Nanaimo,Granada,Laquila,Hidalgo del Parral,Clermont-Ferrand,Okayama,Elizabeth,Oldbury and Smethwick,Kau0s
New Westminster,Huelva,Lecce,Iguala de la Independencia,Cluses,Omuta,Erie,Plymouth,Kazan
Niagara Falls,Iruna,Livorno,Irapuato,Colmar,Sasebo,Evansville,Poole,Khabarovsk
Oakville,Jaen,Lucca,La Paz,Creil,Shizuoka,Flint,Portsmouth,Kharkiv
Oshawa,Jerez de la Frontera,Mantova,La Piedad - Penjamo,Dijon,Takamatsu,Fort Wayne,Preston,Kherson
Peterborough,Langreo,Marsala,Linares,Douai - Lens,Tokushima,Fort Worth,Rhondda,Kiiv
Regina,Leon,Messina,Los Mochis,Draguignan,Toyama,Gary,Rotherham,Kirov
Saguenay,Linares,Modena,Matehuala,Dunkerque,Toyohashi,Grand Rapids,South Shields,Kramatorsk
Saint Boniface,Linea de la Concepcion,Monza,Mazatlan,Forbach,Tsu,Honolulu,Southampton,Krasnodar
Saint Catharines,Lleida,Novara,Merida,Grenoble,Utsunomiya,Indianapolis,Southend-on-Sea,Krasnoyarsk
Saint-Hyacinthe,Logrono,Padova,Mexicali,La Rochelle,Wakayama,Jacksonville,Stoke-on-Trent,Krivii Rig
Saint-Jerome,Lorca,Parma,Minatitlan,La Teste-de-Buch - Arcachon,Yokkaichi,Jersey City,Sunderland,Kursk
Saint-Thomas,Lugo,Pavia,Monclova,Laval,,Kansas City,Swansea,Lipetsk
Sarnia,Manresa,Perugia,Morelia,Le Havre,,Knoxville,Wakefield,Lviv
Saskatoon,Mataro,Pesaro,Nuevo Laredo,Le Mans,,Lincoln,Walsall,Mahachkala
Sault Sainte Marie,Melilla,Pescara,Oaxaca,Limoges,,Long Beach,Wolverhampton,Mikolaiv
Sherbrooke,Mieres,Piacenza,Ocotlan,Lorient,,Louisville,,Minsk
Sorel,Orihuela,Pisa,Orizaba,Maubeuge,,Memphis,,Mogilev
St. Johns,Ourense,Pistoia,Pachuca,Meaux,,Miami,,Murmansk
Stratford,Oviedo,Prato,Piedras Negras,Metz,,Milwaukee,,Nizhni-Novgorod
Sudbury,Palencia,Ravenna,Queretaro,Montauban,,Minneapolis,,Nizhni-Tagil
Sydney,Palma de Mallorca,Reggio di Calabria,Reynosa,Montpellier,,Mobile,,Novokuznetsk
Thunder Bay,Palmas de Gran Canaria,Reggio nellEmilia,Salamanca,Mulhouse,,Montgomery,,Novomoskovsk
Timmins,Pontevedra,Rimini,Saltillo,Nancy,,Nashville-Davidson,,Novosibirsk
Trois-Rivieres,Reus,Salerno,San Cristobal de las Casas,Nantes,,New Haven,,Odesa
Verdun,Sabadell,Sassari,San Francisco del Rincon,Nevers,,New Orleans,,Omsk
Victoria,Salamanca,Sesto San Giovanni,San Luis Potosi,Niort,,Newark,,Orel
Waterloo,San Cristobal de la Laguna,Siena,Silao,Pau,,Norfolk,,Penza
Windsor,San Fernando,Siracusa,Tampico,Perpignan,,Oakland,,Perm
,Sanlucar de Barrameda,Taranto,Tapachula,Poitiers,,Oklahoma City,,Poltava
,Santa Cruz de Tenerife,Terni,Tehuacan,Quimper,,Omaha,,Pyatigorsk
,Santander,Torre Annunziata,Tehuantepec - Salina Cruz,Reims,,Paterson,,Riga
,Santiago de Compostela,Torre del Greco,Tepic,Rennes,,Peoria,,Rostov-on-Don
,Talavera de la Reina,Trapani,Teziutlan,Roanne,,Phoenix,,Ryazan
,Tarragona,Trento,Tijuana,Rouen,,Pittsburgh,,Samara
,Terrassa,Trieste,Tlaxcala - Apizaco,Saint-Brieuc,,Portland,,Samarkand
,Toledo,Udine,Toluca,Saint-Just-Saint-Rambert,,Providence,,Saratov
,Tortosa,Venezia,Tuxpam,Saint-Nazaire,,Richmond,,Sevastopol
,Utrera,Verona,Tuxtla Gutierrez,Saint-Quentin,,Rochester,,Tallinn
,Valladolid,Vicenza,Uruapan,Strasbourg,,Rockford,,Tambov
,Velez-Malaga,Vigevano,Veracruz,Tarbes,,Sacramento,,Tashkent
,Vigo,,Villahermosa,Thionville,,Saint Paul,,Tbilisi
,Vitoria-Gasteiz,,Xalapa,Toulon,,Salt Lake City,,Tiraspol
,Zamora,,Zacatecas - Guadalupe,Toulouse,,San Antonio,,Toljatti
,,,,Tours,,San Diego,,Tomsk
,,,,Troyes,,San Francisco,,Tula
,,,,Valence,,San Jose,,Tver
,,,,Valenciennes,,Savannah,,Ufa
,,,,Vichy,,Seattle,,Ulianovsk
,,,,Vienne,,Shreveport,,Vilnius
,,,,,,South Bend,,Vitebsk
,,,,,,Spokane,,Vladivostok
,,,,,,Springfield,,Volgograd
,,,,,,Syracuse,,Vologda
,,,,,,Tacoma,,Voronezh
,,,,,,Tampa,,Yaroslavl
,,,,,,Toledo,,Zaporizhzha
,,,,,,Tulsa,,
,,,,,,Washington,,
,,,,,,Wichita,,
,,,,,,Worcester,,
,,,,,,Yonkers,,
,,,,,,Youngstown,,